{"cameraMode":{"drawMode":0,"name":"Shaded","section":"Shading Mode"},"sceneLighting":false,"audioPlay":false,"sceneViewState":{"showFog":false,"showMaterialUpdate":false,"showSkybox":false,"showFlares":false,"showImageEffects":false,"showParticleSystems":false},"in2DMode":false,"pivot":{"x":-0.00031694769859313965,"y":-0.0004051774740219116,"z":0.000012473668903112411},"rotation":{"x":-0.2339460849761963,"y":-0.6552366614341736,"z":-0.22506286203861237,"w":0.682243824005127},"size":0.08574604243040085,"orthographic":false}