{"cameraMode":{"drawMode":0,"name":"Shaded","section":"Shading Mode"},"sceneLighting":true,"audioPlay":false,"sceneViewState":{"showFog":false,"showMaterialUpdate":false,"showSkybox":false,"showFlares":false,"showImageEffects":false,"showParticleSystems":false},"in2DMode":false,"pivot":{"x":4.400264739990234,"y":-4.435640335083008,"z":3.17893123626709},"rotation":{"x":-0.32684287428855898,"y":-0.3760141432285309,"z":0.1437779664993286,"w":-0.8551376461982727},"size":7.6013383865356449,"orthographic":false}