{"cameraMode":{"drawMode":0,"name":"Shaded","section":"Shading Mode"},"sceneLighting":false,"audioPlay":false,"sceneViewState":{"showFog":false,"showMaterialUpdate":false,"showSkybox":false,"showFlares":false,"showImageEffects":false,"showParticleSystems":false},"in2DMode":false,"pivot":{"x":0.023295655846595765,"y":0.009823091328144074,"z":-0.040972862392663959},"rotation":{"x":-0.16565480828285218,"y":-0.8340365290641785,"z":-0.3641979992389679,"w":0.3801039159297943},"size":0.08574604243040085,"orthographic":false}