{"cameraMode":{"drawMode":0,"name":"Shaded","section":"Shading Mode"},"sceneLighting":true,"audioPlay":false,"sceneViewState":{"showFog":false,"showMaterialUpdate":false,"showSkybox":false,"showFlares":false,"showImageEffects":false,"showParticleSystems":false},"in2DMode":false,"pivot":{"x":0.6808633208274841,"y":-0.9090554118156433,"z":-0.980808675289154},"rotation":{"x":0.2917587459087372,"y":-0.7081871032714844,"z":0.47012436389923098,"w":0.438928484916687},"size":2.045522689819336,"orthographic":false}