{"cameraMode":{"drawMode":0,"name":"Shaded","section":"Shading Mode"},"sceneLighting":true,"audioPlay":false,"sceneViewState":{"showFog":false,"showMaterialUpdate":false,"showSkybox":false,"showFlares":false,"showImageEffects":false,"showParticleSystems":false},"in2DMode":false,"pivot":{"x":-0.7357208728790283,"y":0.02666574716567993,"z":0.4625154137611389},"rotation":{"x":0.25399789214134219,"y":-0.12297075986862183,"z":0.032473981380462649,"w":0.9589602947235107},"size":1.0104711055755616,"orthographic":false}