{"cameraMode":{"drawMode":0,"name":"Shaded","section":"Shading Mode"},"sceneLighting":false,"audioPlay":false,"sceneViewState":{"showFog":false,"showMaterialUpdate":false,"showSkybox":false,"showFlares":false,"showImageEffects":false,"showParticleSystems":false},"in2DMode":false,"pivot":{"x":0.01886402815580368,"y":0.004899095743894577,"z":-0.04332368075847626},"rotation":{"x":-0.15309855341911317,"y":-0.8445870876312256,"z":-0.32876354455947878,"w":0.39411479234695437},"size":0.08574604243040085,"orthographic":false}