{"cameraMode":{"drawMode":0,"name":"Shaded","section":"Shading Mode"},"sceneLighting":false,"audioPlay":false,"sceneViewState":{"showFog":false,"showMaterialUpdate":false,"showSkybox":false,"showFlares":false,"showImageEffects":false,"showParticleSystems":false},"in2DMode":false,"pivot":{"x":0.0001607947051525116,"y":0.040132373571395877,"z":-0.015706419944763185},"rotation":{"x":-0.06282341480255127,"y":0.8414459228515625,"z":0.10051150619983673,"w":0.5272967219352722},"size":0.35716718435287478,"orthographic":false}