{"cameraMode":{"drawMode":0,"name":"Shaded","section":"Shading Mode"},"sceneLighting":true,"audioPlay":false,"sceneViewState":{"showFog":false,"showMaterialUpdate":false,"showSkybox":false,"showFlares":false,"showImageEffects":false,"showParticleSystems":false},"in2DMode":false,"pivot":{"x":18.208417892456056,"y":-11.477653503417969,"z":13.902924537658692},"rotation":{"x":0.20524528622627259,"y":0.43601086735725405,"z":-0.1042107567191124,"w":0.8702754378318787},"size":26.664478302001954,"orthographic":false}