{"cameraMode":{"drawMode":0,"name":"Shaded","section":"Shading Mode"},"sceneLighting":false,"audioPlay":false,"sceneViewState":{"showFog":false,"showMaterialUpdate":false,"showSkybox":false,"showFlares":false,"showImageEffects":false,"showParticleSystems":true},"in2DMode":false,"pivot":{"x":-0.0033792834728956224,"y":0.00992877222597599,"z":-0.003729257732629776},"rotation":{"x":-0.06397708505392075,"y":0.9219835996627808,"z":-0.17320913076400758,"w":-0.34041547775268557},"size":0.0571671724319458,"orthographic":false}